"","id","substr","pos","nchar","HYP"
"1","Q9LJD9","VGNVAAQTEAPAPSPTSDAAM",32,60,1
"2","Q9LJD9","NVAAQTEAPAPSPTSDAAMFV",34,60,1
"3","Q9LJD9","AAQTEAPAPSPTSDAAMFVPA",36,60,1
"41","Q9M0S4","LIASSAIAQAPGPAPTRSPLP",24,127,1
"42","Q9M0S4","ASSAIAQAPGPAPTRSPLPSP",26,127,1
"43","Q9M0S4","SAIAQAPGPAPTRSPLPSPAQ",28,127,1
"44","Q9M0S4","QAPGPAPTRSPLPSPAQPPRT",32,127,1
"45","Q9M0S4","PGPAPTRSPLPSPAQPPRTAA",34,127,0
"46","Q9M0S4","PAPTRSPLPSPAQPPRTAAPT",36,127,1
"73","Q9LVC0","VHQTVAAVDAPAPSPTSDASS",32,60,1
"74","Q9LVC0","QTVAAVDAPAPSPTSDASSFI",34,60,1
"75","Q9LVC0","VAAVDAPAPSPTSDASSFIPT",36,60,1
"77","Q9C5S0","VLIAGVTGQAPTSPPTATPAP",23,191,1
"78","Q9C5S0","AGVTGQAPTSPPTATPAPPTP",26,191,1
"79","Q9C5S0","GVTGQAPTSPPTATPAPPTPT",27,191,1
"80","Q9C5S0","QAPTSPPTATPAPPTPTTPPP",31,191,1
"81","Q9C5S0","PTSPPTATPAPPTPTTPPPAA",33,191,1
"143","Q9LYF6","SVVASAQSEAPAPSPTSGSSA",27,61,1
"144","Q9LYF6","VASAQSEAPAPSPTSGSSAIS",29,61,1
"145","Q9LYF6","SAQSEAPAPSPTSGSSAISAS",31,61,1
"146","O82337","LSLAGAQSLAPAPAPTSDGTS",31,73,1
"147","O82337","LAGAQSLAPAPAPTSDGTSID",33,73,1
"148","O82337","GAQSLAPAPAPTSDGTSIDQG",35,73,1
"166","Q9FZA2","HPHPHPPAKSPVKPPVKAPVS",71,359,1
"167","Q9FZA2","PHPPAKSPVKPPVKAPVSPPA",74,359,0
"168","Q9FZA2","HPPAKSPVKPPVKAPVSPPAK",75,359,1
"169","Q9FZA2","KSPVKPPVKAPVSPPAKPPVK",79,359,1
"170","Q9FZA2","VKPPVKAPVSPPAKPPVKPPV",82,359,1
"171","Q9FZA2","KPPVKAPVSPPAKPPVKPPVY",83,359,1
"172","Q9FZA2","VKAPVSPPAKPPVKPPVYPPT",86,359,0
"173","Q9FZA2","KAPVSPPAKPPVKPPVYPPTK",87,359,1
"174","Q9FZA2","VSPPAKPPVKPPVYPPTKAPV",90,359,0
"175","Q9FZA2","SPPAKPPVKPPVYPPTKAPVK",91,359,1
"176","Q9FZA2","AKPPVKPPVYPPTKAPVKPPT",94,359,0
"177","Q9FZA2","KPPVKPPVYPPTKAPVKPPTK",95,359,1
"178","Q9FZA2","KPPVYPPTKAPVKPPTKPPVK",99,359,1
"179","Q9FZA2","VYPPTKAPVKPPTKPPVKPPV",102,359,0
"180","Q9FZA2","YPPTKAPVKPPTKPPVKPPVS",103,359,1
"181","Q9FZA2","TKAPVKPPTKPPVKPPVSPPA",106,359,0
"182","Q9FZA2","KAPVKPPTKPPVKPPVSPPAK",107,359,1
"183","Q9FZA2","VKPPTKPPVKPPVSPPAKPPV",110,359,0
"184","Q9FZA2","KPPTKPPVKPPVSPPAKPPVK",111,359,1
"185","Q9FZA2","TKPPVKPPVSPPAKPPVKPPV",114,359,1
"186","Q9FZA2","KPPVKPPVSPPAKPPVKPPVY",115,359,1
"187","Q9FZA2","VKPPVSPPAKPPVKPPVYPPT",118,359,0
"188","Q9FZA2","KPPVSPPAKPPVKPPVYPPTK",119,359,1
"195","Q9FZA2","YPPTKAPVKPPTKPPVKPPVY",135,359,1
"196","Q9FZA2","TKAPVKPPTKPPVKPPVYPPT",138,359,0
"197","Q9FZA2","KAPVKPPTKPPVKPPVYPPTK",139,359,1
"198","Q9FZA2","VKPPTKPPVKPPVYPPTKAPV",142,359,0
"199","Q9FZA2","KPPTKPPVKPPVYPPTKAPVK",143,359,1
"200","Q9FZA2","TKPPVKPPVYPPTKAPVKPPT",146,359,0
"224","Q9FZA2","AKPPVKPPVYPPTKAPVKPPV",198,359,0
"225","Q9FZA2","KPPVKPPVYPPTKAPVKPPVS",199,359,1
"226","Q9FZA2","KPPVYPPTKAPVKPPVSPPTK",203,359,1
"227","Q9FZA2","VYPPTKAPVKPPVSPPTKPPV",206,359,0
"228","Q9FZA2","YPPTKAPVKPPVSPPTKPPVT",207,359,1
"229","Q9FZA2","TKAPVKPPVSPPTKPPVTPPV",210,359,1
"230","Q9FZA2","KAPVKPPVSPPTKPPVTPPVY",211,359,1
"231","Q9FZA2","VKPPVSPPTKPPVTPPVYPPK",214,359,0
"232","Q9FZA2","KPPVSPPTKPPVTPPVYPPKF",215,359,1
"233","Q9FZA2","VSPPTKPPVTPPVYPPKFNRS",218,359,0
"234","Q9FZA2","SPPTKPPVTPPVYPPKFNRSL",219,359,1
"235","Q9FZA2","TKPPVTPPVYPPKFNRSLVAV",222,359,0
"236","Q9FZA2","KPPVTPPVYPPKFNRSLVAVR",223,359,0
"243","Q9SJY7","FLATSCLAQAPAPAPTTVTPP",24,131,1
"244","Q9SJY7","ATSCLAQAPAPAPTTVTPPPT",26,131,1
"245","Q9SJY7","SCLAQAPAPAPTTVTPPPTAL",28,131,1
"246","Q9SJY7","APAPAPTTVTPPPTALPPVTA",33,131,0
"247","Q9SJY7","PAPAPTTVTPPPTALPPVTAE",34,131,1
"248","Q9SJY7","APAPTTVTPPPTALPPVTAET",35,131,1
"271","Q8LG54","LFTTSCLAQAPAPSPTTTVTP",24,130,1
"272","Q8LG54","TTSCLAQAPAPSPTTTVTPPP",26,130,1
"273","Q8LG54","SCLAQAPAPSPTTTVTPPPVA",28,130,1
"274","Q8LG54","PAPSPTTTVTPPPVATPPPAA",34,130,0
"275","Q8LG54","APSPTTTVTPPPVATPPPAAT",35,130,1
"276","Q8LG54","PSPTTTVTPPPVATPPPAATP",36,130,1
"303","P24091","CGPGNCQSQCPGGPTPPGGGD",64,324,0
"304","P24091","GNCQSQCPGGPTPPGGGDLGS",67,324,1
"305","P24091","CQSQCPGGPTPPGGGDLGSII",69,324,1
"306","P24091","QSQCPGGPTPPGGGDLGSIIS",70,324,0
"326","P08252","CGPGNCQSQCPGGPTPTPPTP",64,329,0
"327","P08252","GNCQSQCPGGPTPTPPTPPGG",67,329,1
"328","P08252","CQSQCPGGPTPTPPTPPGGGD",69,329,1
"329","P08252","SQCPGGPTPTPPTPPGGGDLG",71,329,1
"330","P08252","QCPGGPTPTPPTPPGGGDLGS",72,329,1
"331","P08252","PGGPTPTPPTPPGGGDLGSII",74,329,1
"332","P08252","GGPTPTPPTPPGGGDLGSIIS",75,329,1
"333","P08252","NAFINAARSFPGFGTSGDTTA",120,329,0
"334","P08252","HETTGGWATAPDGPYAWGYCW",154,329,0
"335","P08252","TGGWATAPDGPYAWGYCWLRE",157,329,0
"336","P08252","GYCWLREQGSPGDYCTPSGQW",171,329,0
"337","P08252","EQGSPGDYCTPSGQWPCAPGR",177,329,0
"338","P08252","GDYCTPSGQWPCAPGRKYFGR",182,329,0
"339","P08252","CTPSGQWPCAPGRKYFGRGPI",185,329,0
"340","P08252","APGRKYFGRGPIQISHNYNYG",194,329,0
"341","P08252","IQISHNYNYGPCGRAIGVDLL",205,329,0
"342","P08252","RAIGVDLLNNPDLVATDPVIS",218,329,0
"343","P08252","LNNPDLVATDPVISFKSALWF",225,329,0
"344","P08252","FKSALWFWMTPQSPKPSCHDV",239,329,0
"345","P08252","ALWFWMTPQSPKPSCHDVIIG",242,329,0
"346","P08252","WFWMTPQSPKPSCHDVIIGRW",244,329,0
"347","P08252","CHDVIIGRWQPSAGDRAANRL",256,329,0
"348","P08252","SAGDRAANRLPGFGVITNIIN",267,329,0
"349","P08252","RRYCSILGVSPGDNLDCGNQR",308,329,0
"352","Q84MD2","MNTKDYGNNSPSPRLERPPFK",69,83,1
"353","Q84MD2","TKDYGNNSPSPRLERPPFKLI",71,83,1
"357","Q9XF04","LGLHEELRTVPSGPDPLHHHV",73,96,1
"358","Q9XF04","HEELRTVPSGPDPLHHHVNPP",76,96,1
"359","Q9XF04","ELRTVPSGPDPLHHHVNPPRQ",78,96,0
"388","Q6PSU2","QRDEDSYGRDPYSPSQDPYSP",64,172,0
"389","Q6PSU2","EDSYGRDPYSPSQDPYSPSQD",67,172,1
"390","Q6PSU2","GRDPYSPSQDPYSPSQDPDRR",71,172,0
"391","Q6PSU2","PYSPSQDPYSPSQDPDRRDPY",74,172,1
"392","Q6PSU2","SQDPYSPSQDPDRRDPYSPSP",78,172,0
"393","Q6PSU2","SPSQDPDRRDPYSPSPYDRRG",83,172,0
"394","Q6PSU2","QDPDRRDPYSPSPYDRRGAGS",86,172,1
"395","Q6PSU2","PDRRDPYSPSPYDRRGAGSSQ",88,172,0
"413","Q7M1I4","NHYSYSSPPPPPVVSSPPPPY",11,30,1
"414","Q7M1I4","HYSYSSPPPPPVVSSPPPPYY",12,30,1
"415","Q7M1I4","SPPPPPVVSSPPPPYYYYSPP",17,30,1
"416","Q7M1I4","PPPPPVVSSPPPPYYYYSPPP",18,30,1
"417","Q7M1I4","PPPPVVSSPPPPYYYYSPPPP",19,30,1
"418","Q7M1I4","PPPVVSSPPPPYYYYSPPPPV",20,30,1
"430","P80760","NYDKPPVEKPPVYKPPVEKPP",11,25,1
"431","P80760","PPVEKPPVYKPPVEKPPVYKP",15,25,0
"437","Q941C7","LMVNVEDYGDPSANPKHDPGV",52,75,0
"438","Q941C7","VEDYGDPSANPKHDPGVPPSA",56,75,0
"439","Q941C7","GDPSANPKHDPGVPPSATGQR",60,75,0
"440","Q941C7","SANPKHDPGVPPSATGQRVVG",63,75,1
"441","Q941C7","ANPKHDPGVPPSATGQRVVGR",64,75,1
"458","C0HKQ4","PKPPLLPPPVPGLAPGLPPLP",12,35,1
"459","C0HKQ4","LLPPPVPGLAPGLPPLPVPDP",16,35,1
"460","C0HKQ4","PPVPGLAPGLPPLPVPDPVPH",19,35,0
"461","C0HKQ4","PVPGLAPGLPPLPVPDPVPHP",20,35,1
"462","C0HKQ4","PGLAPGLPPLPVPDPVPHPPK",22,35,0
"463","C0HKQ4","LAPGLPPLPVPDPVPHPPKKP",24,35,0
"470","Q7XAD0","KLESGNYGRTPYKTPPPPTSS",51,146,1
"471","Q7XAD0","GNYGRTPYKTPPPPTSSSPTH",55,146,1
"472","Q7XAD0","NYGRTPYKTPPPPTSSSPTHQ",56,146,1
"473","Q7XAD0","YGRTPYKTPPPPTSSSPTHQE",57,146,1
"474","Q7XAD0","GRTPYKTPPPPTSSSPTHQEI",58,146,1
"475","Q7XAD0","KTPPPPTSSSPTHQEIVNGRH",63,146,1
"476","Q7XAD0","IVNGRHDSVLPPPSPKTDPII",78,146,0
"477","Q7XAD0","VNGRHDSVLPPPSPKTDPIIG",79,146,1
"478","Q7XAD0","NGRHDSVLPPPSPKTDPIIGQ",80,146,1
"479","Q7XAD0","RHDSVLPPPSPKTDPIIGQLT",82,146,1
"484","Q7XAD0","VGGRHDYVASPPPPKPQDEQR",119,146,1
"485","Q7XAD0","GGRHDYVASPPPPKPQDEQRQ",120,146,1
"486","Q7XAD0","GRHDYVASPPPPKPQDEQRQI",121,146,1
"487","Q7XAD0","RHDYVASPPPPKPQDEQRQII",122,146,1
"488","Q7XAD0","DYVASPPPPKPQDEQRQIIIT",124,146,0
"507","Q93WP7","GSGYGRGTNLPPPSPASSPPS",41,164,0
"508","Q93WP7","SGYGRGTNLPPPSPASSPPSK",42,164,1
"509","Q93WP7","GYGRGTNLPPPSPASSPPSKE",43,164,1
"510","Q93WP7","GRGTNLPPPSPASSPPSKEVS",45,164,1
"516","Q93WP7","SSDEKYWNRKPLSPPSPKPAD",146,164,0
"517","Q93WP7","EKYWNRKPLSPPSPKPADGHR",149,164,1
"518","Q93WP7","KYWNRKPLSPPSPKPADGHRP",150,164,1
"519","Q93WP7","WNRKPLSPPSPKPADGHRPLQ",152,164,1
"520","Q93WP7","RKPLSPPSPKPADGHRPLQSY",154,164,0
"522","Q9S8M0","EVVSANELSLPFHLPINETIG",28,323,0
"523","Q9S8M0","ANELSLPFHLPINETIGLEVF",32,323,0
"524","Q9S8M0","EVFQGINNASPPSPSPLPYPQ",50,323,1
"525","Q9S8M0","VFQGINNASPPSPSPLPYPQC",51,323,0
"526","Q9S8M0","QGINNASPPSPSPLPYPQCGM",53,323,1
"527","Q9S8M0","INNASPPSPSPLPYPQCGMKK",55,323,1
"528","Q9S8M0","NASPPSPSPLPYPQCGMKKGG",57,323,0
"529","Q9S8M0","SPPSPSPLPYPQCGMKKGGGK",59,323,0
"530","Q9S8M0","WCGTTNAYCSPGYCQKQCPGP",92,323,0
"531","Q9S8M0","CSPGYCQKQCPGPYPEGRCGW",100,323,0
"532","Q9S8M0","PGYCQKQCPGPYPEGRCGWQA",102,323,0
"533","Q9S8M0","YCQKQCPGPYPEGRCGWQANG",104,323,0
"534","Q9S8M0","CGWQANGKSCPTGTGQCCSNG",118,323,0
"535","Q9S8M0","SKNCQSQCKLPSPPPPPPPPS",150,323,1
"536","Q9S8M0","NCQSQCKLPSPPPPPPPPSPP",152,323,1
"537","Q9S8M0","CQSQCKLPSPPPPPPPPSPPP",153,323,1
"538","Q9S8M0","QSQCKLPSPPPPPPPPSPPPP",154,323,1
"539","Q9S8M0","SQCKLPSPPPPPPPPSPPPPS",155,323,1
"540","Q9S8M0","QCKLPSPPPPPPPPSPPPPSP",156,323,1
"541","Q9S8M0","CKLPSPPPPPPPPSPPPPSPP",157,323,1
"542","Q9S8M0","KLPSPPPPPPPPSPPPPSPPS",158,323,1
"543","Q9S8M0","LPSPPPPPPPPSPPPPSPPSP",159,323,1
"544","Q9S8M0","SPPPPPPPPSPPPPSPPSPPP",161,323,1
"545","Q9S8M0","PPPPPPPPSPPPPSPPSPPPP",162,323,1
"546","Q9S8M0","PPPPPPPSPPPPSPPSPPPPS",163,323,1
"547","Q9S8M0","PPPPPPSPPPPSPPSPPPPSP",164,323,1
"548","Q9S8M0","PPPPSPPPPSPPSPPPPSPPP",166,323,1
"549","Q9S8M0","PPPSPPPPSPPSPPPPSPPPP",167,323,1
"550","Q9S8M0","PSPPPPSPPSPPPPSPPPPPP",169,323,1
"551","Q9S8M0","SPPPPSPPSPPPPSPPPPPPP",170,323,1
"552","Q9S8M0","PPPPSPPSPPPPSPPPPPPPS",171,323,1
"553","Q9S8M0","PPPSPPSPPPPSPPPPPPPSP",172,323,1
"554","Q9S8M0","PSPPSPPPPSPPPPPPPSPPP",174,323,1
"555","Q9S8M0","SPPSPPPPSPPPPPPPSPPPP",175,323,1
"556","Q9S8M0","PPSPPPPSPPPPPPPSPPPPS",176,323,1
"557","Q9S8M0","PSPPPPSPPPPPPPSPPPPSP",177,323,1
"558","Q9S8M0","SPPPPSPPPPPPPSPPPPSPP",178,323,1
"559","Q9S8M0","PPPPSPPPPPPPSPPPPSPPP",179,323,1
"560","Q9S8M0","PPPSPPPPPPPSPPPPSPPPP",180,323,1
"561","Q9S8M0","PSPPPPPPPSPPPPSPPPPSP",182,323,1
"562","Q9S8M0","SPPPPPPPSPPPPSPPPPSPS",183,323,1
"563","Q9S8M0","PPPPPPPSPPPPSPPPPSPSP",184,323,1
"564","Q9S8M0","PPPPPPSPPPPSPPPPSPSPP",185,323,1
"565","Q9S8M0","PPPPSPPPPSPPPPSPSPPPP",187,323,1
"566","Q9S8M0","PPPSPPPPSPPPPSPSPPPPP",188,323,1
"567","Q9S8M0","PPSPPPPSPPPPSPSPPPPPA",189,323,1
"568","Q9S8M0","PSPPPPSPPPPSPSPPPPPAS",190,323,1
"569","Q9S8M0","PPPPSPPPPSPSPPPPPASPP",192,323,1
"570","Q9S8M0","PPSPPPPSPSPPPPPASPPPP",194,323,1
"571","Q9S8M0","PSPPPPSPSPPPPPASPPPPP",195,323,1
"572","Q9S8M0","SPPPPSPSPPPPPASPPPPPP",196,323,1
"573","Q9S8M0","PPPPSPSPPPPPASPPPPPPA",197,323,1
"574","Q9S8M0","PPPSPSPPPPPASPPPPPPAL",198,323,1
"575","Q9S8M0","SPSPPPPPASPPPPPPALPYP",201,323,1
"576","Q9S8M0","PSPPPPPASPPPPPPALPYPQ",202,323,1
"577","Q9S8M0","SPPPPPASPPPPPPALPYPQC",203,323,1
"578","Q9S8M0","PPPPPASPPPPPPALPYPQCG",204,323,1
"579","Q9S8M0","PPPPASPPPPPPALPYPQCGI",205,323,1
"580","Q9S8M0","PPPASPPPPPPALPYPQCGIK",206,323,1
"581","Q9S8M0","ASPPPPPPALPYPQCGIKKGG",209,323,1
"582","Q9S8M0","PPPPPPALPYPQCGIKKGGGK",211,323,0
"587","Q9S8M0","CGWQANGKSCPTGTGHCCSNA",270,323,0
"588","Q9S8M0","WCGTTSDYCAPVNCQAQCNTT",292,323,0
"589","Q9S8M0","AQCNTTTLTSPIKNRMRGIES",307,323,0
"602","O80460","PPSHGVDTFRPTEPGHSPGIG",67,82,1
"603","O80460","HGVDTFRPTEPGHSPGIGHSV",70,82,1
"618","Q8L8Y3","EVIAHPTDFRPTNPGNSPGVG",75,91,1
"619","Q8L8Y3","AHPTDFRPTNPGNSPGVGHSN",78,91,1
"622","A0A1I9LMX5","FKAGFTDDFVPTSPGNSPGVG",48,243,1
"623","A0A1I9LMX5","GFTDDFVPTSPGNSPGVGHKK",51,243,1
"624","A0A1I9LMX5","DFVPTSPGNSPGVGHKKGNVN",55,243,1
"626","A0A1I9LMX5","FKTGSTDDFAPTSPGHSPGVG",100,243,1
"627","A0A1I9LMX5","GSTDDFAPTSPGHSPGVGHKK",103,243,1
"628","A0A1I9LMX5","DFAPTSPGHSPGVGHKKGNVN",107,243,1
"629","A0A1I9LMX5","FKTGSTDDFAPTSPGNSPGIG",152,243,1
"630","A0A1I9LMX5","GSTDDFAPTSPGNSPGIGHKK",155,243,1
"631","A0A1I9LMX5","DFAPTSPGNSPGIGHKKGHAN",159,243,1
"633","A0A1I9LMX5","FKTGSTDDFAPTTPGNSPGMG",204,243,1
"634","A0A1I9LMX5","GSTDDFAPTTPGNSPGMGHKK",207,243,1
"635","A0A1I9LMX5","DFAPTTPGNSPGMGHKKGDDF",211,243,1
"636","A0A1I9LMX5","MGHKKGDDFKPTTPGHSPGVG",223,243,1
"637","A0A1I9LMX5","KKGDDFKPTTPGHSPGVGHAV",226,243,1
"638","A0A1I9LMX5","DFKPTTPGHSPGVGHAVKNDE",230,243,1
"641","P00877","VKDYRLTYYTPDYVVRDTDIL",27,475,0
"642","P00877","TDILAAFRMTPQLGVPPEECG",44,475,0
"643","P00877","AFRMTPQLGVPPEECGAAVAA",49,475,0
"644","P00877","FRMTPQLGVPPEECGAAVAAE",50,475,0
"645","P00877","RYKGRCYDIEPVPGEDNQYIA",89,475,0
"646","P00877","KGRCYDIEPVPGEDNQYIAYV",91,475,0
"647","P00877","DNQYIAYVAYPIDLFEEGSVT",104,475,1
"648","P00877","RALRLEDLRIPPAYVKTFVGP",141,475,0
"649","P00877","ALRLEDLRIPPAYVKTFVGPP",142,475,0
"650","P00877","PPAYVKTFVGPPHGIQVERDK",151,475,1
"651","P00877","PAYVKTFVGPPHGIQVERDKL",152,475,0
"652","P00877","GRGLLGCTIKPKLGLSAKNYG",176,475,0
"653","P00877","TKDDENVNSQPFMRWRDRFLF",210,475,0
"654","P00877","RAVCAKELGVPIIMHDYLTGG",263,475,0
"655","P00877","IYFTQDWCSMPGVMPVASGGI",372,475,0
"656","P00877","QDWCSMPGVMPVASGGIHVWH",376,475,0
"657","P00877","ASGGIHVWHMPALVEIFGDDA",388,475,0
"658","P00877","LQFGGGTLGHPWGNAPGAAAN",410,475,0
"659","P00877","GTLGHPWGNAPGAAANRVALE",415,475,0
"660","P00877","DVIRSACKWSPELAAACEVWK",453,475,0
"661","P42849","DVGGDMEWKRPSDPKFYITWA",14,115,0
"662","P42849","GDMEWKRPSDPKFYITWATGK",17,115,0
"663","P42849","DAFDNCKKENPISHMTTPPVK",62,115,0
"664","P42849","KENPISHMTTPPVKIMLNTTG",69,115,0
"665","P42849","ENPISHMTTPPVKIMLNTTGP",70,115,0
"666","P42849","PVKIMLNTTGPQYYICTVGDH",80,115,0
"668","Q9FRV1","CGSQAGGATCPNCLCCSRFGW",32,321,0
"669","Q9FRV1","QCAGCGGGGTPVTPTPTPSGG",67,321,1
"670","Q9FRV1","GCGGGGTPVTPTPTPSGGGGV",70,321,0
"671","Q9FRV1","GGGGTPVTPTPTPSGGGGVSS",72,321,1
"672","Q9FRV1","GGTPVTPTPTPSGGGGVSSIV",74,321,1
"673","Q9FRV1","DAFVAAAGAFPGFGTTGSTDT",120,321,0
"674","Q9FRV1","HETTGGWATAPDGAFAWGYCF",154,321,0
"675","Q9FRV1","ERGATSNYCTPSAQWPCAPGK",177,321,0
"676","Q9FRV1","SNYCTPSAQWPCAPGKSYYGR",182,321,0
"677","Q9FRV1","CTPSAQWPCAPGKSYYGRGPI",185,321,0
"678","Q9FRV1","APGKSYYGRGPIQLSHNYNYG",194,321,0
"679","Q9FRV1","IQLSHNYNYGPAGRAIGVDLL",205,321,0
"680","Q9FRV1","RAIGVDLLRNPDLVATDPTVS",218,321,0
"681","Q9FRV1","LRNPDLVATDPTVSFKTAMWF",225,321,0
"682","Q9FRV1","AMWFWMTAQAPKPSSHAVITG",242,321,0
"683","Q9FRV1","WFWMTAQAPKPSSHAVITGQW",244,321,0
"684","Q9FRV1","SHAVITGQWSPSGTDRAAGRV",256,321,0
"685","Q9FRV1","SGTDRAAGRVPGFGVITNIVN",267,321,0
"695","Q6Z232","QPPVATPPTRPPAVAPVSPPA",45,146,1
"696","Q6Z232","PPVATPPTRPPAVAPVSPPAA",46,146,1
"697","Q6Z232","TPPTRPPAVAPVSPPAAQPPV",50,146,1
"698","Q6Z232","TRPPAVAPVSPPAAQPPVTTP",53,146,1
"699","Q6Z232","RPPAVAPVSPPAAQPPVTTPP",54,146,1
"700","Q6Z232","VAPVSPPAAQPPVTTPPPVSA",58,146,0
"701","Q6Z232","APVSPPAAQPPVTTPPPVSAP",59,146,1
"702","Q6Z232","PPAAQPPVTTPPPVSAPAPVP",63,146,1
"736","P50694","AATISFKNNCPYMVWPGTLTS",33,245,0
"737","P50694","FKNNCPYMVWPGTLTSDQKPQ",38,245,0
"757","P01544","RCKISSGLSCPKGFPKLALES",56,126,0
"758","P01544","SSGLSCPKGFPKLALESNSDE",60,126,0
"777","P01538","VSQVESKSCCPNTTGRNIYNA",31,111,0
"778","P01538","IYNACRLTGAPRPTCAKLSGC",48,111,0
"779","P01538","NACRLTGAPRPTCAKLSGCKI",50,111,0
"780","P01538","GCKIISGSTCPSDYPKFYCTL",67,111,0
"781","P01538","ISGSTCPSDYPKFYCTLGCES",71,111,0
"782","P81370","GATFNIINNCPFTVWAAAVPG",34,225,0
"783","P81370","CPFTVWAAAVPGGGKRLDRGQ",43,225,0
"806","A2SY66","LLAVVTGTGTPSQEVHPSHYA",24,509,0
"807","A2SY66","GTGTPSQEVHPSHYATTFNKS",30,509,0
"887","Q53NL5","AAPPPATADDPGLAVYWGRHK",30,290,0
"926","P93484","VEKNSLSVTSPEKIKGKHDSA",36,623,0
"934","P93484","NVNLDWREAVPHPDDRVEYEL",180,623,0
"935","P93484","NLDWREAVPHPDDRVEYELWT",182,623,0
"943","P93484","ICSGFEETTDPAVCLSNDVET",402,623,0
"953","O64392","SKYGWTAFCGPAGAHGQASCG",75,146,0
"954","O64392","SCGKCLQVTNPATGAQITARI",93,146,0
"964","Q8L5C6","ELAKHNIRGGPGKPLHLTATV",182,304,0
"965","Q8L5C6","KHNIRGGPGKPLHLTATVRCG",185,304,0
"968","Q8L5C6","GSWDKWTAAYPATRFYVGLTA",243,304,0
"969","Q8L5C6","ADDKSHQWVHPKNVYYGVAPV",263,304,0
"970","Q8L5C6","HPKNVYYGVAPVAQKKDNYGG",272,304,0
"999","P13744","GCLSQIEQQSPWEFQGSEVWQ",28,480,0
"1019","P13689","NSLVRDISQMPQSSYGIEGLS",54,201,0
"1020","P13689","EVEVWLQTISPGQRTPIHRHS",88,201,0
"1030","P13689","MPHTAAVLKFPFVWDEDCFEA",186,201,0
"1031","P19594","RKQLQGVNLTPCEKHIMEKIQ",42,158,0
"1034","Q39649","DVLQMRGIENPWRREGGSFDE",75,141,0
"1053","P13917","FLFFLSDSVTPTKPINLVVLP",27,427,0
"1054","P13917","FLSDSVTPTKPINLVVLPVQN",30,427,0
"1055","P13917","PTKPINLVVLPVQNDGSTGLH",37,427,0
"1056","P13917","LHWANLQKRTPLMQVPVLVDL",56,427,0
"1072","P13917","SGGTMISTSTPHMVLQQSVYQ",293,427,0
"1080","E3W9M2","MFSEFDRLDFPKHFIFGASSC",39,502,0
"1084","E3W9M2","LIPNGRGPVNPKGLEYYNNLV",124,502,0
"1085","E3W9M2","VNALLTKGTQPHVTLLHSDLP",144,502,0
"1094","E3W9M2","NGGPRLPKFTPNETELLTGSY",302,502,0
"1106","Q8RVH5","SFLFFLSDSVPIPQHHTNPTK",26,433,0
"1107","Q8RVH5","LFFLSDSVPIPQHHTNPTKPI",28,433,0
"1108","Q8RVH5","SVPIPQHHTNPTKPINLLVLP",34,433,0
"1109","Q8RVH5","IPQHHTNPTKPINLLVLPVQN",37,433,0
"1110","Q8RVH5","PTKPINLLVLPVQNDASTGLH",44,433,0
"1129","Q8RVH5","SGGTMISTSTPHMVLQQSLYQ",299,433,0
"1137","Q42656","SLLANGLGLTPPMGWNSWNHF",24,378,0
"1138","Q42656","LLANGLGLTPPMGWNSWNHFR",25,378,0
"1145","Q42656","MNDKWASYAGPGGWNDPDMLE",224,378,0
"1146","Q42656","SYAGPGGWNDPDMLEVGNGGM",230,378,0
"1157","P02876","CGSQAGGATCPNNHCCSQYGH",83,213,0
"1159","P02876","CGSQSGGKLCPNNLCCSQWGF",126,213,0
"1171","P27275","GVGECVRGRCPSGMCCSQFGY",35,86,0
"1172","P27275","CSQFGYCGKGPKYCGRASTTV",50,86,0
"1256","P25403","NGGRCNENVGPPYCCSGFCLR",39,61,0
"1257","P25403","GGRCNENVGPPYCCSGFCLRQ",40,61,0
"1258","P25403","YCCSGFCLRQPGQGYGYCKNR",51,61,0
"1259","P11218","CGSQGGGGTCPALWCCSIWGW",36,372,0
"1260","P11218","SIWGWCGDSEPYCGRTCENKC",52,372,0
"1261","P11218","DHRCGAAVGNPPCGQDRCCSV",79,372,0
"1262","P11218","HRCGAAVGNPPCGQDRCCSVH",80,372,0
"1290","Q9FXT4","RAFENGLGRTPQMGWNSWNHF",64,417,0
"1301","Q9M6E9","NAYYQAQFQDPIKFTTGSATP",23,547,0
"1302","Q9M6E9","PIKFTTGSATPASYNQFIDAL",33,547,0
"1303","Q9M6E9","RLTGGLIYGIPVLRDPSTVEK",56,547,0
"1304","Q9M6E9","LIYGIPVLRDPSTVEKPNQYV",61,547,0
"1305","Q9M6E9","VLRDPSTVEKPNQYVTVELSY",67,547,0
"1306","Q9M6E9","GSESFFFRNAPASASTYLFTG",110,547,0
"1307","Q9M6E9","LFTGTQQYSLPFDGNYDDLEK",127,547,0
"1308","Q9M6E9","ISLSNRAAFQPDPSMLSLENT",206,547,0
"1309","Q9M6E9","LSNRAAFQPDPSMLSLENTWE",208,547,0
"1310","Q9M6E9","SMLSLENTWEPLSRAVQHTVQ",219,547,0
"1311","Q9M6E9","AVQHTVQDTFPQNVTLINVRQ",233,547,0
"1312","Q9M6E9","ERVVVSSLSHPSVSALALMLF",254,547,0
"1313","Q9M6E9","ALALMLFVCNPLNATQSPLLI",268,547,0
"1314","Q9M6E9","VCNPLNATQSPLLIRSVVEQS",275,547,0
"1315","Q9M6E9","QSKICSSHYEPTVRIGGRDGL",294,547,0
"1316","Q9M6E9","VSDNAYNNGNPIILWKCKDQL",318,547,0
"1317","Q9M6E9","GKCLTTYGYAPGNYVMIYDCS",356,547,0
"1318","Q9M6E9","DIWDNGTIINPKSGLVLSAES",386,547,0
"1319","Q9M6E9","QGWRTGNDTSPFVTSIAGFFK",424,547,0
"1320","Q9M6E9","TKEEQQWAVYPDGSIRPVQNT",462,547,0
"1321","Q9M6E9","WAVYPDGSIRPVQNTNNCLTC",468,547,0
"1322","Q9M6E9","DMVMDVKSSDPSLKQIILWPY",525,547,0
"1323","Q9M6E9","DPSLKQIILWPYTGNANQMWA",534,547,0
"1334","P25404","YCCSGFCLRQPNQGYGVCRNR",53,63,0
"1376","P80915","NGSAFTVWSGPGCNNRAERYS",35,102,0
"1377","P80915","RFGSSARACNPFGWKSIFIQC",92,102,0
"1379","P83880","QASYFSAWAGPGCNNHNARYS",35,105,0
"1395","Q5I2B2","GAGECVQGRCPSGMCCSQFGY",35,89,0
"1396","Q5I2B2","CSQFGYCGRGPKYCGRASTTV",50,89,0
"1399","Q2A783","GFGQYQQQQQPGQRQLLEQMK",37,285,0
"1419","P14217","SVAHAADTKKPNFVVIFTDDQ",27,647,0
"1420","P14217","DQDAIQNSTHPHYMPSLHKYI",46,647,0
"1421","P14217","IQNSTHPHYMPSLHKYIRYPG",50,647,0
"1468","P14133","FGITLSEAGFPKIKHYKWDVE",36,587,0
"1469","P14133","KWDVEYMFWSPDCVENIVMGI",52,587,0
"1571","Q10NX8","RVLVSGSIHYPRSTPDMWPGL",57,858,0
"1572","Q10NX8","SGSIHYPRSTPDMWPGLIQKS",61,858,0
"1573","Q10NX8","HYPRSTPDMWPGLIQKSKDGG",65,858,0
"1593","Q10NX8","ATAGWSYAIEPVGITKENALT",463,858,0
"1594","Q10NX8","GITKENALTKPGLMEQINTTA",475,858,0
"1619","Q9LRC8","ETTIVKIEENPVAQTDENYVC",37,527,0
"1620","Q9LRC8","NYVCATLDLWPPTKCNYGNCP",54,527,0
"1621","Q9LRC8","YVCATLDLWPPTKCNYGNCPW",55,527,0
"1632","Q9LRC8","GESSVKISLDPSKYGSKREEY",447,527,0
"1679","Q9SR37","IVASPANADGPVCPPSNKLSR",27,524,0
"1680","Q9SR37","SPANADGPVCPPSNKLSRASF",30,524,0
"1681","Q9SR37","PANADGPVCPPSNKLSRASFP",31,524,0
"1682","Q9SR37","PSNKLSRASFPEGFLFGTATA",41,524,0
"1700","P26205","ITTTHIHAFKPLPISFDDFSD",14,425,0
"1701","P26205","TTHIHAFKPLPISFDDFSDLN",16,425,0
"1707","P26205","INEVLANGMQPYVTLFHWDVP",142,425,0
"1724","P80356","AATMATAQFDPSEQYQPYPEQ",23,220,0
"1725","P80356","AQFDPSEQYQPYPEQQQPILQ",29,220,0
"1726","P80356","FDPSEQYQPYPEQQQPILQQQ",31,220,0
"1727","P80356","QYQPYPEQQQPILQQQQMLLQ",36,220,0
"1728","P80356","QQQQMLLQQQPLLQVLQQQLN",57,220,0
"1729","P80356","LLQVLQQQLNPCRQFLVQQCS",68,220,0
"1730","P80356","CRQFLVQQCSPVAVVPFLRSQ",79,220,0
"1731","P80356","VQQCSPVAVVPFLRSQILQQS",84,220,0
"1732","P80356","QQCCRQLEQIPEQLRCPAIHS",111,220,0
"1733","P80356","LEQIPEQLRCPAIHSVVQAII",117,220,0
"1734","P80356","IIMQQQQFFQPQMQQQFFQPQ",136,220,0
"1735","P80356","QPQMQQQFFQPQMQQVTQGIF",145,220,0
"1736","P80356","MQQVTQGIFQPQMQQVTQGIF",157,220,0
"1737","P80356","MQQVTQGIFQPQLQQVTQGIF",169,220,0
"1738","P80356","LQQVTQGIFQPQMQGQIEGMR",181,220,0
"1739","P80356","GMRAFALQALPAMCDVYVPPH",199,220,0
"1740","P80356","ALPAMCDVYVPPHCPVATAPL",207,220,0
"1741","P80356","LPAMCDVYVPPHCPVATAPLG",208,220,0
"1793","P20507","QACIYKFGTSPDSKATVSGDH",29,377,0
"1811","P20507","RRVMLAESANPDAYTCKAVAF",346,377,0
"1812","P20507","AVAFGQNFRNPQYANGRTIKL",363,377,0
"1814","P21226","CGTQAGGALCPGGLCCSKFGW",33,324,0
"1865","P24258","QACIYKFGTSPDSKATHTGDH",29,380,0
"1884","P24258","FRRVMEETENPDAYTCTTVAF",349,380,0
"1912","Q39962","LKDRHFCSADPTDGFTEVPLT",33,238,0
"1913","Q39962","ADPTDGFTEVPLTEDNFVIQK",41,238,0
"1920","Q39962","QQKLVVNDDGPAEHYFKCGVY",189,238,0
"1926","P08818","GHAADRIVRLPGQPEVDFDMY",47,476,0
"1927","P08818","ADRIVRLPGQPEVDFDMYSGY",50,476,0
"1928","P08818","RSLFYLLQEAPEEAQPAPLVL",79,476,0
"1929","P08818","LLQEAPEEAQPAPLVLWLNGG",84,476,0
"1930","P08818","QEAPEEAQPAPLVLWLNGGPG",86,476,0
"1931","P08818","APLVLWLNGGPGCSSVAYGAS",95,476,0
"1932","P08818","SEELGAFRVMPRGAGLVLNEY",115,476,0
"1933","P08818","KVANVLFLDSPAGVGFSYTNT",139,476,0
"1934","P08818","AFLAAWFERFPHYKYREFYVA",177,476,0
"1935","P08818","AGESYAGHYVPELSQLVHRSG",197,476,0
"1936","P08818","LSQLVHRSGNPVINLKGFMVG",209,476,0
"1937","P08818","DACLHDSFIHPSPACDAATDV",262,476,0
"1938","P08818","CLHDSFIHPSPACDAATDVAT",264,476,0
"1939","P08818","GNIDMYSLYTPVCNISSSSSS",288,476,0
"1941","P08818","RYPWLTGSYDPCTERYSTAYY",319,476,0
"1942","P08818","DTINTHWHDAPRSMLPIYREL",365,476,0
"1943","P08818","HWHDAPRSMLPIYRELIAAGL",370,476,0
"1944","P08818","VFSGDTDAVVPLTATRYSIGA",394,476,0
"1945","P08818","LGLATTTSWYPWYDDLQEVGG",415,476,0
"1946","P08818","VSVRGAGHEVPLHRPRQALIL",446,476,0
"1947","P08818","GAGHEVPLHRPRQALILFQQF",450,476,0
"1948","P08818","ILFQQFLQGKPMPGRTTNVTV",465,476,0
"1963","Q94K85","SVSTYTVKSNPQDIMAEVYKN",244,359,0
"1992","Q9ZT64","TTARLDRNNFPSDFMFGTASS",31,513,0
"2020","Q9FRV0","DAFVAAANAFPGFGATGSTDA",65,266,0
"2022","Q9FRV0","ERGAAADYCTPSAQWPCAPGK",122,266,0
"2023","Q9FRV0","ADYCTPSAQWPCAPGKRYYGR",127,266,0
"2024","Q9FRV0","CTPSAQWPCAPGKRYYGRGPI",130,266,0
"2025","Q9FRV0","APGKRYYGRGPIQLSHNYNYG",139,266,0
"2028","Q9FRV0","LRNPDLVATDPTVSFKTALWF",170,266,0
"2029","Q9FRV0","ALWFWMTAQAPKPSSHAVITG",187,266,0
"2030","Q9FRV0","WFWMTAQAPKPSSHAVITGKW",189,266,0
"2031","Q9FRV0","SHAVITGKWSPSGADRAAGRA",201,266,0
"2032","Q9FRV0","SGADRAAGRAPGFGVITNIIN",212,266,0
"2049","Q8H8C7","TCKSAILYTSPNATTYGNLVA",50,356,0
"2060","Q8H8C7","TLLTRNKIDDPTKLQMGQILD",208,356,0
"2086","P23472","FLNKFGNGQTPQINLAGHCNP",68,311,0
"2087","P23472","PQINLAGHCNPAAGGCTIVSN",78,311,0
"2088","P23472","NFLGGKSSSRPLGDAVLDGID",139,311,0
"2089","P23472","QGKKVYLTAAPQCPFPDRYLG",183,311,0
"2090","P23472","KVYLTAAPQCPFPDRYLGTAL",186,311,0
"2091","P23472","YLTAAPQCPFPDRYLGTALNT",188,311,0
"2092","P23472","DYVWVQFYNNPPCQYSSGNIN",212,311,0
"2093","P23472","YVWVQFYNNPPCQYSSGNINN",213,311,0
"2094","P23472","INAGKIFLGLPAAPEAAGSGY",245,311,0
"2095","P23472","GKIFLGLPAAPEAAGSGYVPP",248,311,0
"2096","P23472","APEAAGSGYVPPDVLISRILP",257,311,0
"2097","P23472","PEAAGSGYVPPDVLISRILPE",258,311,0
"2098","P23472","PPDVLISRILPEIKKSPKYGG",267,311,0
"2099","P23472","SRILPEIKKSPKYGGVMLWSK",273,311,0
"2123","P02866","ELTRVSSNGSPQGSSVGRALF",76,290,0
"2124","P02866","SSVGRALFYAPVHIWESSAVV",89,290,0
"2125","P02866","EATFTFLIKSPDSHPADGIAF",113,290,0
"2126","P02866","TFLIKSPDSHPADGIAFFISN",117,290,0
"2127","P02866","FFISNIDSSIPSGSTGRLLGL",133,290,0
"2128","P02866","GSTGRLLGLFPDANVIRNSTT",145,290,0
"2129","P02866","TIVAVELDTYPNTDIGDPSYP",176,290,0
"2130","P02866","DTYPNTDIGDPSYPHIGIDIK",183,290,0
"2131","P02866","PNTDIGDPSYPHIGIDIKSVR",186,290,0
"2132","P02866","DKRLSAVVSYPNADSATVSYD",231,290,0
"2133","P02866","SYDVDLDNVLPEWVRVGLSAS",249,290,0
"2163","B8AL97","HGRFSVLERFPDEQVVGAAVG",82,470,0
"2165","B8AL97","LEAAPRAFLQPSHYDADEVFY",109,470,0
"2167","B8AL97","KWFRVVMLLNPVSTPGHFEEY",173,470,0
"2168","B8AL97","VVMLLNPVSTPGHFEEYFPVG",177,470,0
"2169","B8AL97","STPGHFEEYFPVGGDRPESFF",185,470,0
"2170","B8AL97","EEYFPVGGDRPESFFSAFSDD",191,470,0
"2180","B8AL97","READRVLAAQPEQILLRGPHG",453,470,0
"2182","P19667","QKDGRFVIYGPVLWSLGPNGC",121,158,0
"2183","P19667","IYGPVLWSLGPNGCRRVNGGI",128,158,0
"2209","Q6TPK4","RKLVAAGGWRPIESLNSAEVQ",34,116,0
"2211","Q9ZWA9","HGAEARQREAPFPNACHFSQI",31,451,0
"2240","C0HJZ1","CLNLSDKFKGPCLGTKNCDHH",38,72,0
"2247","P26780","LKEYGGDVGFPFCAPRIFPTI",45,99,0
"2248","P26780","GGDVGFPFCAPRIFPTICYTR",49,99,0
"2249","P26780","GFPFCAPRIFPTICYTRCREN",53,99,0
"2251","C0HKG1","ASVMKTEGGLPTCGETCTLGT",27,127,0
"2252","C0HKG1","ETCTLGTCYVPDCSCSWPICM",41,127,0
"2253","C0HKG1","CYVPDCSCSWPICMKNHIIAA",48,127,0
"2257","P86841","AVEKTEAGVIPCGESCVFIPC",32,124,0
"2258","P86841","IPCGESCVFIPCISTVIGCSC",41,124,0
"2266","P23577","GLAVSPAQAYPVFAQQNYANP",33,317,0
"2267","P23577","PVFAQQNYANPREANGRIVCA",43,317,0
"2289","B3EWP3","CNHLADTYRGPCFTNASCDDH",38,71,0
"2290","Q8H6Q1","AEAATCKAECPTWDSVCINKK",33,103,0
"2296","Q6F495","QQDGLFVIYGPVLWPLGLNGC",121,158,0
"2297","Q6F495","LFVIYGPVLWPLGLNGCRSLN",125,158,0
"2299","G1CWH1","ESCVQGECYTPGCSCDWPICK",46,132,0
"2300","G1CWH1","CYTPGCSCDWPICKKNHIIAT",53,132,0
"2305","G1CWH3","IPCGESCVFIPCITAAIGCSC",40,123,0
"2313","C0HKG0","IPCGESCVFIPCLTTVVGCSC",37,117,0
"2317","P69241","MVEAQKLCERPSGTWSGVCGN",36,80,0
"2318","P69241","ARHGSCNYVFPAHKCICYFPC",70,80,0
"2321","P30230","MVEAQKLCQRPSGTWSGVCGN",36,80,0
"2325","B3F051","CENLSDSFKGPCIPDGNCNKH",40,74,0
"2326","B3F051","LSDSFKGPCIPDGNCNKHCKE",43,74,0
"2334","P30224","VVEAQKLCERPSGTWSGVCGN",36,80,0
"2339","Q9M069","LSHFPSSHAEPFIGVNYGQVA",24,504,0
"2390","P15737","VCYGVIGNNLPSRSDVVQLYR",41,334,0
"2391","P15737","AASWVQNNVRPYYPAVNIKYI",107,334,0
"2392","P15737","WVQNNVRPYYPAVNIKYIAAG",110,334,0
"2393","P15737","VQGGATQSILPAMRNLNAALS",133,334,0
"2394","P15737","IRFDEVANSFPPSAGVFKNAY",166,334,0
"2395","P15737","RFDEVANSFPPSAGVFKNAYM",167,334,0
"2396","P15737","VARLLASTGAPLLANVYPYFA",190,334,0
"2397","P15737","TGAPLLANVYPYFAYRDNPGS",197,334,0
"2398","P15737","VYPYFAYRDNPGSISLNYATF",205,334,0
"2399","P15737","SISLNYATFQPGTTVRDQNNG",217,334,0
"2400","P15737","VYAALEKAGAPAVKVVVSESG",251,334,0
"2401","P15737","VKVVVSESGWPSAGGFAASAG",263,334,0
"2402","P15737","GLINHVGGGTPKKREALETYI",291,334,0
"2403","P15737","ATERSFGLFNPDKSPAYNIQF",324,334,0
"2429","Q39688","QRIDFCHTLVPANETFKFVNE",27,389,0
"2474","P0C1Y5","AFLVGGAWCGPPKVPPGKNIT",32,269,0
"2475","P0C1Y5","FLVGGAWCGPPKVPPGKNITA",33,269,0
"2476","P0C1Y5","GGAWCGPPKVPPGKNITAKYG",36,269,0
"2477","P0C1Y5","GAWCGPPKVPPGKNITAKYGS",37,269,0
"2550","O48818","VLFSLADARIPGIYSGGAWQN",23,257,0
"2562","Q41649","TELQIGVKYKPASCEVQAHKG",39,151,0
"2568","P04706","THTSGGCGCQPPPPVHLPPPV",30,223,0
"2569","P04706","HTSGGCGCQPPPPVHLPPPVH",31,223,0
"2570","P04706","TSGGCGCQPPPPVHLPPPVHL",32,223,0
"2571","P04706","SGGCGCQPPPPVHLPPPVHLP",33,223,0
"2572","P04706","GCQPPPPVHLPPPVHLPPPVH",37,223,0
"2573","P04706","CQPPPPVHLPPPVHLPPPVHL",38,223,0
"2574","P04706","QPPPPVHLPPPVHLPPPVHLP",39,223,0
"2575","P04706","PVHLPPPVHLPPPVHLPPPVH",43,223,0
"2576","P04706","VHLPPPVHLPPPVHLPPPVHL",44,223,0
"2577","P04706","HLPPPVHLPPPVHLPPPVHLP",45,223,0
"2585","P04706","VHLPPPVHLPPPVHLPPPVHV",62,223,0
"2586","P04706","HLPPPVHLPPPVHLPPPVHVP",63,223,0
"2587","P04706","PVHLPPPVHLPPPVHVPPPVH",67,223,0
"2588","P04706","VHLPPPVHLPPPVHVPPPVHL",68,223,0
"2589","P04706","HLPPPVHLPPPVHVPPPVHLP",69,223,0
"2590","P04706","PVHLPPPVHVPPPVHLPPPPC",73,223,0
"2591","P04706","VHLPPPVHVPPPVHLPPPPCH",74,223,0
"2592","P04706","HLPPPVHVPPPVHLPPPPCHY",75,223,0
"2641","P04405","CQIQKLNALKPDNRIESEGGF",38,485,0
"2642","P04405","SEGGFIETWNPNNKPFQCAGV",54,485,0
"2643","P04405","FIETWNPNNKPFQCAGVALSR",58,485,0
"2644","P04405","CTLNRNALRRPSYTNGPQEIY",79,485,0
"2645","P04405","ALRRPSYTNGPQEIYIQQGNG",85,485,0
"2646","P04405","QGNGIFGMIFPGCPSTYQEPQ",102,485,0
"2647","P04405","GIFGMIFPGCPSTYQEPQESQ",105,485,0
"2648","P04405","FPGCPSTYQEPQESQQRGRSQ",111,485,0
"2649","P04405","ESQQRGRSQRPQDRHQKVHRF",123,485,0
"2650","P04405","RFREGDLIAVPTGVAWWMYNN",142,485,0
"2651","P04405","AWWMYNNEDTPVVAVSIIDTN",156,485,0
"2652","P04405","NSLENQLDQMPRRFYLAGNQE",176,485,0
"2653","P04405","EGSNILSGFAPEFLKEAFGVN",223,485,0
"2654","P04405","TVKGGLRVTAPAMRKPQQEED",264,485,0
"2655","P04405","LRVTAPAMRKPQQEEDDDDEE",269,485,0
"2656","P04405","EEDDDDEEEQPQCVETDKGCQ",282,485,0
"2657","P04405","LRQNIGQNSSPDIYNPQAGSI",321,485,0
"2658","P04405","GQNSSPDIYNPQAGSITTATS",326,485,0
"2659","P04405","SITTATSLDFPALWLLKLSAQ",340,485,0
"2660","P04405","GSLRKNAMFVPHYTLNANSII",362,485,0
"2661","P04405","ELQEGGVLIVPQNFAVAAKSQ",405,485,0
"2662","P04405","EYVSFKTNDRPSIGNLAGANS",430,485,0
"2663","P04405","AGANSLLNALPEEVIQHTFNL",446,485,0
"2664","P04405","QQARQVKNNNPFSFLVPPQES",469,485,0
"2665","P04405","KNNNPFSFLVPPQESQRRAVA",475,485,0
"2669","Q942A7","SLAAPLLAGDPDMLQDICVAD",30,235,0
"2701","Q6YZY5","MASWQGMASDPSPLQDFCVAD",25,224,0
"2702","Q6YZY5","SWQGMASDPSPLQDFCVADMH",27,224,0
"2752","Q5NAT0","YFEAQRSGVLPGSQRIAWRAN",61,640,0
"2753","Q5NAT0","DAGDNVKFGLPMAFTVTMMAW",100,640,0
"2754","Q5NAT0","WGTDYFAKAHPEPNVLYAEVG",144,640,0
"2755","Q5NAT0","TDYFAKAHPEPNVLYAEVGDG",146,640,0
"2756","Q5NAT0","GDSDHNCWQRPEDMTTSRQAY",166,640,0
"2760","Q5NAT0","INQFGWDVKYPGVQILAAKFL",296,640,0
"2797","Q9C9H5","SLLISNGDANPNYKEALSKSL",23,484,0
"2823","P02877","CGRQAGGKLCPNNLCCSQWGW",30,204,0
"2828","P16851","SVFAAAAATGPYCYPGMGLPS",28,145,0
"2829","P16851","AAAATGPYCYPGMGLPSNPLE",32,145,0
"2830","P16851","GPYCYPGMGLPSNPLEGCREY",37,145,0
"2831","P16851","CYPGMGLPSNPLEGCREYVAQ",40,145,0
"2841","P34951","IYTCYEGMGLPVNPLQGCRFY",37,143,0
"2842","P34951","CYEGMGLPVNPLQGCRFYVAS",40,143,0
"2843","P34951","YVASQTCGAVPLLPIEVMKDW",57,143,0
"2844","P34951","SQTCGAVPLLPIEVMKDWCCR",60,143,0
"2855","P17314","AAASASGSCVPGVAFRTNLLP",31,168,0
"2856","P17314","PGVAFRTNLLPHCRDYVLQQT",41,168,0
"2857","P17314","VLQQTCGTFTPGSKLPEWMTS",57,168,0
"2870","P01086","TATSFGDSCAPGDALPHNPLR",31,148,0
"2871","P01086","GDSCAPGDALPHNPLRACRTY",36,148,0
"2872","P01086","CAPGDALPHNPLRACRTYVVS",39,148,0
"2873","P01086","YVVSQICHQGPRLLTSDMKRR",56,148,0
"2874","P01086","RRCCDELSAIPAYCRCEALRI",75,148,0
"2875","P01086","AFEGAYFKDSPNCPRERQTSY",106,148,0
"2876","P01086","GAYFKDSPNCPRERQTSYAAN",109,148,0
"2877","P01086","QTSYAANLVTPQECNLGTIHG",123,148,0
"2878","P01086","LGTIHGSAYCPELQPGYGVVL",138,148,0
"2910","P07596","WPAPPSRAADPPPVHDTDGHE",25,203,0
"2911","P07596","PAPPSRAADPPPVHDTDGHEL",26,203,0
"2912","P07596","APPSRAADPPPVHDTDGHELR",27,203,0
"2913","P07596","RAHGGGLTMAPGHGRHCPLFV",59,203,0
"2914","P07596","TMAPGHGRHCPLFVSQDPNGQ",66,203,0
"2915","P07596","RHCPLFVSQDPNGQHDGFPVR",73,203,0
"2916","P07596","QDPNGQHDGFPVRITPYGVAP",81,203,0
"2917","P07596","QHDGFPVRITPYGVAPSDKII",86,203,0
"2918","P07596","PVRITPYGVAPSDKIIRLSTD",91,203,0
"2919","P07596","AAGRRHVITGPVKDPSPSGRE",135,203,0
"2920","P07596","RHVITGPVKDPSPSGRENAFR",139,203,0
"2921","P07596","VITGPVKDPSPSGRENAFRIE",141,203,0
"2922","P07596","GGAWFLGATEPYHVVVFKKAP",191,203,0
"2937","P01083","EYGARSHNSGPWSWCNPATGY",33,153,0
"2938","P01083","HNSGPWSWCNPATGYKVSALT",39,153,0
"2939","P01083","VKLQCVGSQVPEAVLRDCCQQ",65,153,0
"2940","P01083","LGVREGKEVLPGCRKEVMKLT",110,153,0
"2941","P01083","EVMKLTAASVPEVCKVPIPNP",125,153,0
"2942","P01083","AASVPEVCKVPIPNPSGDRAG",131,153,0
"2943","P01083","SVPEVCKVPIPNPSGDRAGVC",133,153,0
"2944","P01083","PEVCKVPIPNPSGDRAGVCYG",135,153,0
"2947","P28041","GQYCYAGMGLPSNPLEGCREY",37,145,0
"2948","P28041","CYAGMGLPSNPLEGCREYVAQ",40,145,0
"2960","P16850","SVFAAATATGPYCYAGMGLPI",28,145,0
"2961","P16850","GPYCYAGMGLPINPLEGCREY",37,145,0
"2962","P16850","CYAGMGLPINPLEGCREYVAQ",40,145,0
"2970","P16159","VAAIGNEDCTPWMSTLITPLP",32,143,0
"2971","P16159","CTPWMSTLITPLPSCRDYVEQ",40,143,0
"2972","P16159","PWMSTLITPLPSCRDYVEQQA",42,143,0
"2986","P07479","ISLAVLCQGDPVVDSDGDAVQ",26,181,0
"2987","P07479","AVQLNLGGRYPLYTIESAAIG",44,181,0
"2988","P07479","DVCKSYVYEAPETDRGLPVSF",75,181,0
"2989","P07479","YEAPETDRGLPVSFSASATSE",82,181,0
"2990","P07479","VSFSASATSEPVMQLGSRYKF",93,181,0
"2991","P07479","GSRYKFSFLMPVPRICDTAWS",108,181,0
"2992","P07479","RYKFSFLMPVPRICDTAWSVG",110,181,0
"2993","P07479","CSCEFCKIACPEVGSFNVNGK",144,181,0
"2996","P16968","VDQGSMVSNSPGEWCWPGMGY",16,146,0
"2997","P16968","VSNSPGEWCWPGMGYPVYPFP",22,146,0
"2998","P16968","GEWCWPGMGYPVYPFPRCRAL",27,146,0
"2999","P16968","CWPGMGYPVYPFPRCRALVKS",30,146,0
"3000","P16968","PGMGYPVYPFPRCRALVKSQC",32,146,0
"3022","P82683","VSSGSFSNEIPLLRQSTIPVS",71,569,0
"3023","P82683","EIPLLRQSTIPVSDAQRFVLV",79,569,0
"3024","P82683","GDQSYFLRDAPDGAERHLFTG",126,569,0
"3025","P82683","LFTGTTRSSLPFTGSYTDLER",143,569,0
"3026","P82683","ERYAGHRDQIPLGIEELIQSV",162,569,0
"3027","P82683","LIQSVSALRYPGGSTRAQARS",178,569,0
"3028","P82683","QMISEAARFNPIFWRVRQDIN",204,569,0
"3029","P82683","QDINSGESFLPDMYMLELETS",221,569,0
"3030","P82683","QQSTDGVFNNPFRLAISTGNF",250,569,0
"3031","P82683","AIMLFVCRDRPSSSEVRYWPL",284,569,0
"3034","P82683","VDDVTCTASEPTVRIVGRDGL",316,569,0
"3035","P82683","VRDGKFHNGNPIQLSPCKSNT",340,569,0
"3036","P82683","FHNGNPIQLSPCKSNTDPNQL",345,569,0
"3037","P82683","QLSPCKSNTDPNQLWTIRRDG",352,569,0
"3038","P82683","QIWGNGTIINPRSNLVLGAAS",408,569,0
"3039","P82683","QGWLAGNDTAPREVTIYGFRD",446,569,0
"3040","P82683","WALYGDGSIRPKQNQDQCLTC",490,569,0
"3041","P82683","GLVMDVAQSNPSLRRIIIYPA",547,569,0
"3042","P82683","NPSLRRIIIYPATGNPNQMWL",556,569,0
"3047","P13087","NPLLSAADSAPNPVLDIDGEK",33,220,0
"3048","P13087","LLSAADSAPNPVLDIDGEKLR",35,220,0
"3049","P13087","LRTGTNYYIVPVLRDHGGGLT",54,220,0
"3050","P13087","GGGLTVSATTPNGTFVCPPRV",70,220,0
"3051","P13087","ATTPNGTFVCPPRVVQTRKEV",77,220,0
"3052","P13087","TTPNGTFVCPPRVVQTRKEVD",78,220,0
"3053","P13087","QTRKEVDHDRPLAFFPENPKE",92,220,0
"3054","P13087","VDHDRPLAFFPENPKEDVVRV",97,220,0
"3055","P13087","DRPLAFFPENPKEDVVRVSTD",100,220,0
"3056","P13087","DLNINFSAFMPCRWTSSTVWR",120,220,0
"3057","P13087","FVTIGGVKGNPGPETISSWFK",152,220,0
"3058","P13087","TIGGVKGNPGPETISSWFKIE",154,220,0
"3059","P13087","GSGFYKLVFCPTVCGSCKVKC",178,220,0
"3060","P13087","GRRRLALSDKPFAFEFNKTVY",209,220,0
"3078","P81418","NGGRCNASAGPPYCCSSYCFQ",43,65,0
"3079","P81418","GGRCNASAGPPYCCSSYCFQI",44,65,0
"3099","P25871","SGVFEVHNNCPYTVWAAATPV",32,251,0
"3100","P25871","CPYTVWAAATPVGGGRRLERG",41,251,0
"3101","P25871","ERGQSWWFWAPPGTKMARIWG",59,251,0
"3164","O64411","QHGSLAATVGPRVIVVGAGMS",33,500,0
"3165","O64411","VEGVNGGKMNPIWPIVNSTLK",99,500,0
"3166","O64411","VNGGKMNPIWPIVNSTLKLRN",102,500,0
"3167","O64411","LAMQRLNEHQPNGPATPVDMV",179,500,0
"3168","O64411","QRLNEHQPNGPATPVDMVVDY",182,500,0
"3169","O64411","NEHQPNGPATPVDMVVDYYKF",185,500,0
"3170","O64411","YYKFDYEFAEPPRVTSLQNTV",202,500,0
"3171","O64411","YKFDYEFAEPPRVTSLQNTVP",203,500,0
"3172","O64411","PRVTSLQNTVPLATFSDFGDD",213,500,0
"3173","O64411","TDDKSGKIVDPRLQLNKVVRE",257,500,0
"3174","O64411","NKVVREIKYSPGGVTVKTEDN",272,500,0
"3175","O64411","VLQSDLIQFKPKLPTWKVRAI",308,500,0
"3176","O64411","SDLIQFKPKLPTWKVRAIYQF",311,500,0
"3179","O64411","GVWQEFEKQYPDANVLLVTVT",368,500,0
"3180","O64411","EIMQVLRKMFPGKDVPDATDI",406,500,0
"3181","O64411","LRKMFPGKDVPDATDILVPRW",411,500,0
"3182","O64411","DVPDATDILVPRWWSDRFYKG",419,500,0
"3183","O64411","RFYKGTFSNWPVGVNRYEYDQ",435,500,0
"3184","O64411","NRYEYDQLRAPVGRVYFTGEH",449,500,0
"3186","P00433","HASLSDAQLTPTFYDNSCPNV",34,353,0
"3187","P00433","LTPTFYDNSCPNVSNIVRDTI",42,353,0
"3188","P00433","DTIVNELRSDPRIAASILRLH",60,353,0
"3189","P00433","FGNANSARGFPVIDRMKAAVE",108,353,0
"3190","P00433","RMKAAVESACPRTVSCADLLT",122,353,0
"3191","P00433","AQQSVTLAGGPSWRVPLGRRD",145,353,0
"3192","P00433","TLAGGPSWRVPLGRRDSLQAF",150,353,0
"3193","P00433","AFLDLANANLPAPFFTLPQLK",169,353,0
"3194","P00433","LDLANANLPAPFFTLPQLKDS",171,353,0
"3195","P00433","ANLPAPFFTLPQLKDSFRNVG",176,353,0
"3196","P00433","RLYNFSNTGLPDPTLNTTYLQ",223,353,0
"3197","P00433","YNFSNTGLPDPTLNTTYLQTL",225,353,0
"3198","P00433","TYLQTLRGLCPLNGNLSALVD",240,353,0
"3199","P00433","SALVDFDLRTPTIFDNKYYVN",256,353,0
"3200","P00433","IQSDQELFSSPNATDTIPLVR",284,353,0
"3201","P00433","FSSPNATDTIPLVRSFANSTQ",291,353,0
"3202","P00433","EAMDRMGNITPLTGTQGQIRL",319,353,0
"3208","Q3YJS9","YFDHGPKIFEPSGFHLVEPKY",104,374,0
"3209","Q3YJS9","FEPSGFHLVEPKYDGKYLMQV",112,374,0
"3216","Q3YJS9","SVATRLAQEDPAFASIKSLNY",228,374,0
"3257","P31608","ISLAVLCHGDPVVDSDGDAVQ",26,181,0
"3258","P31608","AVQLNLGGNYPLYTIQSAAIG",44,181,0
"3259","P31608","DACKSYVYEAPETDRGLPVGF",75,181,0
"3260","P31608","YEAPETDRGLPVGFSASATSQ",82,181,0
"3261","P31608","VGFSASATSQPVMQLGSRYKF",93,181,0
"3262","P31608","GSRYKFSFSMPVPLICDTAWS",108,181,0
"3263","P31608","RYKFSFSMPVPLICDTAWSIG",110,181,0
"3264","P31608","CSCEFCKIACPEVGSFNVNGR",144,181,0
"3266","P01088","ASASAGTSCVPGWAIPHNPLP",36,155,0
"3267","P01088","GTSCVPGWAIPHNPLPSCRWY",41,155,0
"3268","P01088","CVPGWAIPHNPLPSCRWYVTS",44,155,0
"3269","P01088","PGWAIPHNPLPSCRWYVTSRT",46,155,0
"3270","P01088","YVTSRTCGIGPRLPWPELKRR",61,155,0
"3271","P01088","SRTCGIGPRLPWPELKRRCCR",64,155,0
"3272","P01088","TCGIGPRLPWPELKRRCCREL",66,155,0
"3273","P01088","RRCCRELADIPAYCRCTALSI",80,155,0
"3274","P01088","ALSILMDGAIPPGPDAQLEGR",97,155,0
"3275","P01088","LSILMDGAIPPGPDAQLEGRL",98,155,0
"3276","P01088","ILMDGAIPPGPDAQLEGRLED",100,155,0
"3277","P01088","AQLEGRLEDLPGCPREVQRGF",112,155,0
"3278","P01088","EGRLEDLPGCPREVQRGFAAT",115,155,0
"3296","Q41159","NSTGSLSFSFPKFAPNQPYLI",40,285,0
"3297","Q41159","SLSFSFPKFAPNQPYLIFQRD",44,285,0
"3298","Q41159","FSFPKFAPNQPYLIFQRDALV",47,285,0
"3379","C0HK27","HFSFSQFSQNPKDLILQGDAT",47,291,0
"3380","C0HK27","QLTRVSSDGSPQGSSVGRALF",75,291,0
"3381","C0HK27","SSVGRALFYAPVHIWEKSAVV",88,291,0
"3382","C0HK27","DATFTFLIKSPDRDPADGITF",112,291,0
"3383","C0HK27","TFLIKSPDRDPADGITFFIAN",116,291,0
"3384","C0HK27","FFIANTDTSIPSGSGGRLLGL",132,291,0
"3385","C0HK27","GSGGRLLGLFPDANIIKNSTN",144,291,0
"3386","C0HK27","TIVAVELDSYPNTDIGDPSYP",175,291,0
"3387","C0HK27","DSYPNTDIGDPSYPHIGIDIK",182,291,0
"3388","C0HK27","PNTDIGDPSYPHIGIDIKSIR",185,291,0
"3389","C0HK27","SYDVDLNNVLPEWVRVGLSAT",248,291,0
"3413","P16030","TSSTLTGFTFPNFWSNTQENG",39,290,0
"3453","P16404","TISFSFSEFEPGNDNLTLQGA",39,281,0
"3455","P16404","DSTGRTLYAKPVHIWDMTTGT",82,281,0
"3460","P16404","VFFMGPTKSKPAQGYGYLGIF",128,281,0
"3461","P16404","LGVEFDTFSNPWDPPQVPHIG",160,281,0
"3462","P16404","EFDTFSNPWDPPQVPHIGIDV",163,281,0
"3463","P16404","FDTFSNPWDPPQVPHIGIDVN",164,281,0
"3468","P16404","VYSWSFQASLPETNDAVIPTS",264,281,0
"3477","P02870","VTSYTLNEVVPLKDVVPEWVR",228,275,0
"3478","P02870","NEVVPLKDVVPEWVRIGFSAT",234,275,0
"3480","P0DKL3","ELSFTINNFVPNEADLLFQGE",42,287,0
"3482","P0DKL3","YSVGRALYAAPVRIWDNTTGS",84,287,0
"3483","P0DKL3","STSFTFVVKAPNPDITSDGLA",109,287,0
"3484","P0DKL3","SFTFVVKAPNPDITSDGLAFY",111,287,0
"3485","P0DKL3","TSDGLAFYLAPPDSQIPSGSV",124,287,0
"3486","P0DKL3","SDGLAFYLAPPDSQIPSGSVS",125,287,0
"3487","P0DKL3","FYLAPPDSQIPSGSVSKYLGL",130,287,0
"3488","P0DKL3","LDTYFAHSYDPWDPNYRHIGI",167,287,0
"3489","P0DKL3","YFAHSYDPWDPNYRHIGIDVN",170,287,0
"3490","P0DKL3","VAFATITYLAPNKTLIASLVY",207,287,0
"3491","P0DKL3","NKTLIASLVYPSNQTTFSVAA",218,287,0
"3492","P0DKL3","AASVDLKEILPEWVRVGFSAA",237,287,0
"3493","P0DKL3","RVGFSAATGYPTEVETHDVLS",251,287,0
"3510","O48540","KDSHFELNGSPFLFNGFNSYW",41,397,0
"3511","O48540","SYWLMHVAADPTERYKVTEVL",59,397,0
"3520","P01076","TLTKLFQQYDPVCHKPCSTQD",37,77,0
"3521","P01076","FQQYDPVCHKPCSTQDDCSGG",42,77,0
"3587","P82900","CASAILSGAKPSGECCGNLRA",49,96,0
"3588","P82900","QGCFCQYAKDPTYGQYIRSPH",71,96,0
"3589","P82900","DPTYGQYIRSPHARDTLTSCG",80,96,0
"3611","Q43767","SCGQVSSALSPCISYARGNGA",38,115,0
"3612","Q43767","ISYARGNGAKPPAACCSGVKR",50,115,0
"3613","Q43767","SYARGNGAKPPAACCSGVKRL",51,115,0
"3614","Q43767","GLNAGKAAGIPSMCGVSVPYA",94,115,0
"3615","Q43767","GIPSMCGVSVPYAISASVDCS",102,115,0
"3624","Q0IQK9","TCGQVNSAVGPCLTYARGGAG",37,116,0
"3625","Q0IQK9","CLTYARGGAGPSAACCSGVRS",48,116,0
"3626","Q0IQK9","GLNAGNAASIPSKCGVSVPYT",95,116,0
"3627","Q0IQK9","SIPSKCGVSVPYTISASIDCS",103,116,0
"3657","P19656","SCGQVASAIAPCISYARGQGS",40,120,0
"3658","P19656","ISYARGQGSGPSAGCCSGVRS",52,120,0
"3659","P19656","GLNAGNAASIPSKCGVSIPYT",99,120,0
"3660","P19656","SIPSKCGVSIPYTISTSTDCS",107,120,0
"3661","P33183","CSVGIQGIDYPSVSFNLDGAK",29,563,0
"3692","P10975","CLANTNEAAVPCSTVDMKAAA",27,116,0
"3693","P10975","VGFATGKDSKPSQACCTGLQQ",49,116,0
"3694","P10975","GIKDQFLSKIPAACNIKVGFP",95,116,0
"3695","P10975","PAACNIKVGFPVSTNTNCETI",105,116,0
"3712","Q94EG3","LHSKVKVNGFPCKTNFTAADF",56,229,0
"3727","Q84UV8","FSYDEKSENGPANWGNIRPDW",44,274,0
"3728","Q84UV8","NGPANWGNIRPDWKECSGKLQ",52,274,0
"3729","Q84UV8","WKECSGKLQSPIDIFDLRAEV",64,274,0
"3731","Q84UV8","YQLKQLHWHTPSEHTINGERF",126,274,0
"3735","Q84UV8","GIERGIGIIDPNQIKLDGKKY",193,274,0
"3741","P82007","TCNDVTGNLTPCLPYLRSGGK",38,116,0
"3742","P82007","DVTGNLTPCLPYLRSGGKPTP",41,116,0
"3752","P24296","DCGHVDSLVRPCLSYVQGGPG",35,113,0
"3753","P24296","RPCLSYVQGGPGPSGQCCDGV",44,113,0
"3754","P24296","CLSYVQGGPGPSGQCCDGVKN",46,113,0
"3755","P24296","NLNEDNARSIPPKCGVNLPYT",93,113,0
"3756","P24296","LNEDNARSIPPKCGVNLPYTI",94,113,0
"3757","P24296","SIPPKCGVNLPYTISLNIDCS",101,113,0
"3758","Q10ST8","CTGAIAGGARPTAACCSSLRA",48,96,0
"3759","Q10ST8","QGCFCQFAKDPRYGRYVNSPN",70,96,0
"3760","Q10ST8","DPRYGRYVNSPNARKAVSSCG",79,96,0
"3763","P10976","TCGMVSSKLAPCIGYLKGGPL",39,117,0
"3764","P10976","APCIGYLKGGPLGGGCCGGIK",48,117,0
"3765","P10976","KALNAAAATTPDRKTACNCLK",68,117,0
"3766","P10976","GINYGKAAGLPGMCGVHIPYA",96,117,0
"3767","P10976","GLPGMCGVHIPYAISPSTNCN",104,117,0
"3770","P12670","CPYTVWAASTPIGGGRRLNRG",40,247,0
"3791","P80284","EAAAAEEAAAPEAVLTLHADN",37,513,0
"3872","Q4W1I8","LSTTFYDTTCPTALSTIRTSI",42,321,0
"3875","Q4W1I8","ARDASVAVGGPSWTVRLGRRD",141,321,0
"3898","P58823","LRTALSELCNPQDKQALLQIK",34,342,0
"3913","P58823","FDGNRISGAIPDSYGSFSKLF",195,342,0
"3916","P58823","LRNNRIYGTLPQGLTQLKFLH",290,342,0
"3921","Q8GT41","DFCVKSLGADPKSHTADLQGL",54,179,0
"3923","Q8GT41","GFKEKKGIVSPVTKENKDYVQ",155,179,0
"3925","Q56S59","ATPAAFAILVPTLVSTHISGL",27,150,0
"3929","Q56S59","LLNCNLVVATPLSTCNATLQS",102,150,0
"3930","Q56S59","GTGLIRVGLAPTGFILNLNIN",140,150,0
"3950","P15478","IDGGGIKGIIPATILEFLEGQ",44,386,0
"3965","Q9XIV8","STVRAHFQSDPTVAPGILRMH",60,330,0
"3966","Q9XIV8","AHFQSDPTVAPGILRMHFHDC",64,330,0
"3967","Q9XIV8","EGSDAERTAIPNRNLKGFDVI",96,330,0
"3968","Q9XIV8","DAKTQIEAICPGVVSCADILA",118,330,0
"3994","P35334","LRNNRIYGTLPQGLTQLKFLQ",290,342,0
"3998","P26216","SKGIDAKASGPGGSFDITKLG",37,410,0
"4025","P81294","CAIVSCYSDNPIDSCWRGDSN",24,367,0
"4040","Q09131","IRKVEKTVDMPLDSDVFAVPP",39,464,0
"4067","P04284","IFHSCEAQNSPQDYLAVHNDA",28,159,0
"4068","P04284","NDARAQVGVGPMSWDANLASR",46,159,0
"4069","P04284","AAVQLWVSERPSYNYATNQCV",100,159,0
"4070","P04284","GWWFISCNYDPVGNWIGQRPY",149,159,0
"4073","P18632","FVIGSCFSDNPIDSCWRGDSN",24,374,0
"4083","P18632","QFGPNCGQRMPRARYGLVHVA",252,374,0
"4102","Q949Y3","ITSSFIRSEWPAVDIPLDHHV",34,475,0
"4103","Q949Y3","IRSEWPAVDIPLDHHVFKVPK",39,475,0
"4104","Q949Y3","IPLDHHVFKVPKGYNAPQQVH",48,475,0
"4126","P80463","LREHNESQDNPFYFSSDNSWQ",37,428,0
"4152","P83326","AENHLISEICPKTRNPSLCLQ",42,185,0
"4153","P83326","ISEICPKTRNPSLCLQALESD",47,185,0
"4154","P83326","SLCLQALESDPRSASKDLKGL",58,185,0
"4155","P83326","IASLTNQATDPKLKGRYETCS",97,185,0
"4156","P83326","AGTCEDSFEGPPNIPTQLHQA",153,185,0
"4157","P83326","GTCEDSFEGPPNIPTQLHQAD",154,185,0
"4158","P83326","EDSFEGPPNIPTQLHQADLKL",157,185,0
"4160","P81295","CGYTVWAAGLPGGGKRLDQGQ",45,225,0
"4161","P81295","QLSCTVSGAVPATLAEYTQSD",104,225,0
"4166","P81295","CCRNAYVDNCPATNYSKIFKN",185,225,0
"4181","Q3YJT3","SVATRLAQEDPAFSSIKSLDY",228,374,0
"4204","P33185","VFIKNLREALPYERKVYNIPL",49,290,0
"4205","P33185","LPYERKVYNIPLLRSSISGSG",58,290,0
"4219","P16094","DVSFRLSGADPRSYGMFIKDL",34,286,0
"4257","Q6EH50","NNLYVMGYSDPFDTSKCRYHI",101,312,0
"4259","Q6EH50","SKNINYDSRYPTLESKVGVKS",146,312,0
"4267","P24478","VFISNLRKALPYERKLYDIPL",49,289,0
"4268","P24478","LPYERKLYDIPLLRSTLPGSQ",58,289,0
"4269","P24478","YDIPLLRSTLPGSQRYALIHL",65,289,0
"4270","P24478","FKDAKRKVTLPYSGNYERLQI",129,289,0
"4271","P24478","IAAGKIRENIPLGLPALDSAI",149,289,0
"4272","P24478","KIRENIPLGLPALDSAITTLF",153,289,0
"4273","P24478","IGKRVDKTFLPSLAIISLENS",204,289,0
"4274","P24478","ASTNNGQFETPVVLINAQNQR",235,289,0
"4277","Q9M653","FQDSTLQQDFPTIFFNILAGE",43,603,0
"4290","Q9M653","YDEETCTVGEPTRRISGLDGL",340,603,0
"4349","P27559","VTSITLDLVNPTAGQYSSFVD",35,292,0
"4350","P27559","VDKIRNNVKDPNLKYGGTDIA",54,292,0
"4357","P24817","KFIEDFRATLPFSHKVYDIPL",49,286,0
"4358","P24817","LPFSHKVYDIPLLYSTISDSR",58,286,0
"4369","P20656","YGGTDIAVIGPPSKEKFLRIN",68,299,0
"4370","P20656","GGTDIAVIGPPSKEKFLRINF",69,299,0
"4371","P20656","ITSAESTALFPEATTANQKAL",128,299,0
"4373","P20656","QMGLLMYLGKPKSSNEANSTV",276,299,0
"4377","P21326","AIVNPQSRAAPTLETIASLDL",30,278,0
"4378","P21326","ETIASLDLNNPTTYLSFITNI",43,278,0
"4379","P21326","VTEAVANNFFPGATGTNRIKL",130,278,0
"4380","P21326","EKNGGLRKDNPLGIFRLENSI",160,278,0
"4381","P21326","ARFKYISDKIPSEKYEEVTVD",208,278,0
"4382","P21326","KLSTAVYNSKPSTTTATKCQL",240,278,0
"4383","P21326","TATKCQLATSPVTISPWIFKT",254,278,0
"4384","P21326","QLATSPVTISPWIFKTVEEIK",259,278,0
"4386","P09989","VFISNLRKALPNERKLYDIPL",49,289,0
"4387","P09989","LPNERKLYDIPLLRSSLPGSQ",58,289,0
"4388","P09989","YDIPLLRSSLPGSQRYALIHL",65,289,0
"4389","P09989","FKDAMRKVTLPYSGNYERLQT",129,289,0
"4390","P09989","TAAGKIRENIPLGLPALDSAI",149,289,0
"4393","P09989","ASTNNGQFESPVVLINAQNQR",235,289,0
"4396","P56626","SFITQLRDALPTQGTVCGIPL",45,294,0
"4397","P56626","LPTQGTVCGIPLLPSTASGSQ",54,294,0
"4398","P56626","QGTVCGIPLLPSTASGSQWFR",57,294,0
"4399","P56626","DAVSYFFEDTPAEAFKLIFAG",106,294,0
"4400","P56626","IFAGTKTVKLPYSGNYDKLQS",123,294,0
"4401","P56626","KQRDMIELGIPALSSAITNMV",147,294,0
"4402","P56626","VSSHISSNFYPNQAVISLENK",198,294,0
"4403","P56626","NRTGHGQFENPVELYNPDGTR",230,294,0
"4404","P56626","QFENPVELYNPDGTRFSVTNT",236,294,0
"4407","P24476","ATAYTLNLANPSASQYSSFLD",34,293,0
"4408","P24476","GGTDVAVIGAPSTTDKFLRLN",68,293,0
"4409","P24476","DKFLRLNFQGPRGTVSLGLRR",82,293,0
"4414","P10297","LNDLRNEAKDPSLKCYGIPML",52,313,0
"4428","P93543","IHGAHPTHSAPPTVYPSVSFN",30,569,0
"4429","P93543","HGAHPTHSAPPTVYPSVSFNL",31,569,0
"4430","P93543","PTHSAPPTVYPSVSFNLTEAN",35,569,0
"4454","P83618","SWGGNARSDYPWAMFALRLQW",28,238,0
"4455","P83618","WAMFALRLQWPAGFCEVNNAC",39,238,0
"4510","Q04672","CKETEVEEEDPELVTCKHQCQ",38,524,0
"4536","Q9SW93","LGYARKGGVIPPGCCAGVRTL",46,113,0
"4537","Q9SW93","GYARKGGVIPPGCCAGVRTLN",47,113,0
"4576","P18417","SSSSSSSSSSPILKKIFIESP",33,352,0
"4577","P18417","PILKKIFIESPSYAPNAFTFD",43,352,0
"4578","P18417","KIFIESPSYAPNAFTFDSTDK",47,352,0
"4595","Q41358","HGALTHPRVTPPVYPSVSFNL",31,570,0
"4596","Q41358","GALTHPRVTPPVYPSVSFNLT",32,570,0
"4597","Q41358","THPRVTPPVYPSVSFNLTGAD",35,570,0
"4616","Q41358","RQGWTVGDVEPLVTFIVGYKQ",443,570,0
"4622","Q8GTB6","SFHIQISIANPRENFLKCFSK",30,545,0
"4623","Q8GTB6","NFLKCFSKHIPNNVANPKLVY",43,545,0
"4624","Q8GTB6","SKHIPNNVANPKLVYTQHDQL",49,545,0
"4632","Q8GTB6","SLVDLMNKSFPELGIKKTDCK",333,545,0
"4636","Q8GTB6","IMEEISESAIPFPHRAGIMYE",432,545,0
"4637","Q8GTB6","EEISESAIPFPHRAGIMYELW",434,545,0
